cluster,mean_monthly_return,mean_volatility,mean_volume,mean_fedfunds,mean_vix
0,-0.019040815827029784,0.4104794857037171,50612570.312532395,4.058910891089109,20.15677053761277
1,0.1630980348887661,0.49622286987097575,193018987.50049177,4.896825396825397,16.21078986175521
2,0.008484771198903703,0.27142077847672746,20559149.82839771,5.026148648648649,15.913721201003526
